Artikelnummer;ean;Lagerbestand;Einkaufspreis;PlusFakt GuID;Hersteller;Profil;Herstellerartikelnummer;Reifenbreite;Reifenquerschnitt;Reifendurchmesser;Loadindex;Speedindex;Saison;Fahrzeugtyp;Bauart;LabelKraftstoffeffizienz;LabelNasshaftung;LabelRollgeraeusch;LabelRollgeraeuschklasse;LabelFahrzeugklasse
158204;;1;40,49;FA3A6EA4838ECC93420CFA1B0FCE20D0-11;Bridgestone;D 684 DOT11;78478;185;65;14;86;T;g;Offroad;R;;;0;;
158209;;20;27,57;4F2EB7E056844DCCA3D80C461F8C0158-11;Ceat;Formula DOT11;2061000;185;65;14;86;T;s;PKW;R;;;0;;
109401;4968814806880;2;101,99;249A170FA4074477B4345D72FDE46F5C;Yokohama;Advan A10F (Tl) Auslauf ;;225;50;17;94;W;s;PKW;R;E;C;73;3;C1
158206;;19;117,67;BF699E8BBDA14007829F5A5143A5E21A-11;Bridgestone;Dueler Sport 1Z DOT11;79377;255;50;19;103;V;s;Offroad;R;;;0;;
65915;;20;59,45;C6A37976CFD7473DBF031AA6EC8062AB;Goodride;SU 307 ;;255;65;16;109;H;s;Offroad;R;E;E;74;3;
65917;;20;58,94;754774FDA76741BFB05864ACE9880D37;Goodride;SU 307 ;;245;70;16;107;H;s;Offroad;R;E;E;74;3;
107881;8808563284675;20;116,85;0B182029E03B49C39ACAC90F10805B0E;Hankook;Ventus V12 EVO K 110 XL;1009147;275;35;18;99;Y;s;PKW;R;C;B;71;2;C1
95829;;1;40,49;348D39D4847C434F87C60FAF98A0E290;Fortuna;Winter Challenger XL;;225;40;18;92;V;w;PKW;R;E;C;71;2;
102752;5452000438256;18;99,39;0FDF22F09B5C4B8E9E61D1AE5161409D;Dunlop;Sport Maxx RT MFS XL;530102;225;55;16;99;Y;s;PKW;R;;;0;;
109310;8807622145018;20;56,89;D32DB15FBBB347E79B2092538FEF83B6;Roadstone;N 9000 XL;;225;40;19;93 (Z);Y;s;PKW;R;C;B;75;3;
111110;6900532230118;9;74,85;C6A0758AC1C7423B99B6DE65AF8DB4D4;Zeta;Azura XL;;275;40;20;106;W;s;PKW;R;C;C;73;2;C1
158203;;20;70,72;0A3312F9D5B0492883EC1C40E33BF9FA-11;Bridgestone;Blizzak LM-25 RFT DOT11;1660;205;55;16;91;H;w;PKW;R;;;0;;
113459;4009460062555;5;207,07;rsu_2MLSRWROU8H6RAQT1MO9HKST5QP4;Ottinger;OTec 4X4 062550;062550;;;;;;;;;;;0;;
74262;;1;42,49;8312BB3AF5654F75B6B399CCD21BBA52;Wanli;S 1083 XL;;225;55;16;99;H;w;PKW;R;E;E;71;2;
91738;8019227212563;4;25,37;7154B325457F4E6984A0D1F6AAA6C3E6;Pirelli;P 4 Cinturato ;2125600;145;70;13;71;T;s;PKW;R;F;E;71;3;C1
108100;;20;83,95;176E61F936394263AC53811D0131AFCC-11;Bridgestone;Blizzak LM-30 XL DOT11;;225;55;16;99;V;w;PKW;R;E;E;72;2;C1
69366;8808956070151;8;79,76;806B8116106E410AA27A92439BBEE0A2;Kumho;KU 31 XL;1891013;275;40;19;105;Y;s;PKW;R;C;A;73;2;C1
39650;8808956062316;20;75,07;8B23A6CC8A6300B54CAA00919287C9FF;Kumho;KW 17 ;1832113;225;55;17;97;V;w;PKW;R;C;E;71;2;C1
71578;4968814765286;20;145,82;CB570C973ABD429F8692C4E4CDC17FA2;Yokohama;W Drive XL;WA551913V;255;55;19;111;V;w;PKW;R;F;C;74;3;
81622;;20;43,29;94E7ADE7038A43808F22E169E063A0A1;Federal;SS 595 EVO XL;;195;40;16;80;W;s;PKW;R;F;C;73;3;C1
77396;;20;43,63;CA65578BA8B7466BA75BAA3403EF0764;Federal;Ecovan ;;205;70;15;104;P;s;LLKW;R;E;E;75;3;C2
103213;6941995653649;20;49,22;7B76D28F08A44633B41C4BDBA4EC53D9;Federal;Ecovan ;;205;75;16;110;R;s;LLKW;R;E;E;75;3;C2
49023;3286347916816;1;59,26;1ABC148CF94B422985146284937C630D;Bridgestone;ER 300 Turanza ;79168;195;55;15;85;H;s;PKW;R;F;B;72;3;C1
77397;;20;48,51;B4B24C0CB15542539AADDFD1BC88FF1E;Federal;Ecovan ;;215;60;16;108;R;s;LLKW;R;E;E;75;3;C2
62600;3286340232715;20;84,39;192E6A48F48C44AE92A9A4884B841511;Bridgestone;D 694 RBT;2327;235;70;16;10Â´6;T;g;Offroad;R;F;F;75;3;C1
58319;;20;36,85;DC762D6FE9694E038EFA5E2299A05316;Novex;Snowspeed LT;;165;70;14;89;R;w;LLKW;R;G;A;75;3;C2
72920;;20;53,88;096D1D2668D147AC98EAC10F989BCBF7;Federal;Ecovan 8PR;;215;75;16;116;R;s;LLKW;R;E;E;75;3;C2
142960;8807622310003;4;113,31;E8F88BE26DD84845A818326160B0FF0C;Nexen;Winguard Sport XL;;245;45;19;102;V;w;PKW;R;E;E;73;3;C1
70779;;20;47,64;CB240846578C4AA1BB3251667A943110;Federal;SS 595 EVO ;;225;45;17;94 (Z);Y;s;PKW;R;F;C;73;3;C1
57830;8019227177879;1;95,42;7243D8A672DF47408F6ED748664F3C52;Pirelli;Chrono Winter ;1778700;215;60;16;103;R;w;LLKW;R;F;C;72;2;C2
28522;4027694140559;4;40,00;330163CAA0E91085430608BA1985693C;Heidenau;K 60 (TT);11140055;90;90;18;51;S;;Motorrad;-;;;0;;
110309;5452000451576;4;199,40;3096AD3A26F44F43A862929EFA2C0A11;Sava;Cargo 4;568117;235;75;17.5;143/141;J;;LKW;R;C;C;69;1;C3
97035;4019238560640;12;68,21;6004217151444F1782D6B1300850F214;Continental;TS 850 ;0353263000;195;55;15;85;H;w;PKW;R;E;C;72;2;C1
103214;4713959225054;20;46,88;FE7D3698BF0F4B18955847D56D1EDB71;Federal;Formoza FD 2 ;;225;60;16;98;V;s;PKW;R;E;C;71;2;C1
26356;4019238132984;12;37,72;DB60349161E5DEA94E39668ACCBE1198;Continental;T9 4PR (TT);0606100000;4.5;0;16;;;;Ackerschlepper;-;;;0;;
111923;3286340641319;1;120,55;D53104DCA7FB47F282211104E37ABDD0;Bridgestone;Potenza S 001 XL;6413;245;40;18;97;Y;s;PKW;R;E;B;73;3;C1
52380;;20;50,84;ED50BBDB5B934B63A5DBA224F96EC96C;Federal;Ecovan 8PR;;225;65;16;112;R;s;LLKW;R;E;E;75;3;C2
72573;;6;28,79;8068314D65164E499DA4FA45EBA788FF;Novex;All Season XL;;155;65;14;79;T;g;PKW;R;F;E;70;2;C1
64841;;20;48,71;CE23051C71C64D7DAA69AA1592F1952B;Federal;Ecovan 8PR;;215;70;15;109;P;s;LLKW;R;E;E;75;3;C2
53487;;20;49,32;4F9A4F6A4AED4FD6993DC2274536A161;Federal;Ecovan 8PR;;225;70;15;112;R;s;LLKW;R;E;E;75;3;C2
75795;;20;87,92;C5FAC0311BF64323BFD7441EA4DF14BB;Federal;SS 595 EVO XL;;275;30;20;97 (Z);Y;s;PKW;R;F;C;73;3;C1
11859;0029142487173;3;62,82;FB3D003B284893854FFA429D30556BC7;Avon;ZZ 3 ;4144916;215;40;17;83;Y;s;PKW;R;G;B;71;2;C1
85682;4024068514664;17;91,13;660212B4D24B4158A5AC4B819AEE7B6B;Uniroyal;Rainexpert FR;0362278000;245;65;17;107;H;s;PKW;R;E;B;71;2;C1
107567;8808563326184;20;31,08;914FCB5D5DEB48278ECC9A3F9EA8CF18;Hankook;I*CEPT RS W 442 ;1012783;165;70;14;81;T;w;PKW;R;F;C;71;2;C1
36711;;1;20,55;3A7E7E55B51446AF454A2681D990F15C;Yokohama;S 306 ;58601507H;195;60;15;88;H;s;PKW;R;;;0;;
70854;5060292470450;8;42,54;B6BBAF341073411883EC01E5AC0EB951;Infinity;INF 100 ;221002556;195;65;16;104/102;R;s;LLKW;R;E;E;72;2;C2
173618;5420068661831;20;29,73;6C030F170B664583B53312117BDEDBC8;Tristar;Snowpower (Tl) ;;195;55;16;87;H;w;PKW;R;C;E;71;2;
107526;3528704052677;12;60,01;149467AD47CE4730A77B47ECE002EEFA;Kormoran;Snowpro B2 EL;405267;225;45;17;94;H;w;PKW;R;E;E;73;3;C1
35001;3286347848414;6;64,62;C1556917904539AC4373B668C47EF202;Bridgestone;ER 300 Turanza MO;78484;195;55;16;87;H;s;PKW;R;F;B;71;2;C1